instance,target,algorithm,seed,time_sec,hit,best_cost
instance-02,200.0,TS_t20_i1000,42,0.03390622138977051,1,200.0
instance-07,1531.0,TS_t20_i1000,42,160.39305353164673,1,1531.0
